{
  "builtin_entity_scope": [],
  "config": {
    "unit_name": "tfidf_vectorizer",
    "use_stemming": false,
    "word_clusters_name": null
  },
  "language_code": "en",
  "vectorizer": {
    "idf_diag": [
      2.7047480922384253,
      4.697178256928631,
      4.697178256928631,
      4.4094961844768505,
      4.697178256928631,
      4.697178256928631,
      4.697178256928631,
      4.004031076368686,
      4.4094961844768505,
      3.849880396541428,
      4.4094961844768505,
      2.751268107873318,
      4.697178256928631,
      4.697178256928631,
      4.186352633162641,
      4.697178256928631,
      4.186352633162641,
      4.697178256928631,
      3.5985659682605218,
      4.186352633162641,
      4.697178256928631,
      4.697178256928631,
      3.3978952727983707,
      2.751268107873318,
      4.697178256928631,
      4.4094961844768505,
      4.4094961844768505,
      4.4094961844768505,
      4.4094961844768505,
      4.4094961844768505,
      4.4094961844768505,
      4.4094961844768505,
      3.716349003916905,
      2.463586035421537,
      5.102643365036796,
      4.004031076368686,
      3.310883895808741
    ],
    "vocab": {
      "about": 0,
      "acidity": 1,
      "america": 2,
      "any": 3,
      "apple": 4,
      "bill": 5,
      "can": 6,
      "computer": 7,
      "dlf": 8,
      "do": 9,
      "dsfk": 10,
      "entityfeatureobject": 11,
      "gates": 12,
      "give": 13,
      "have": 14,
      "idea": 15,
      "information": 16,
      "iron": 17,
      "is": 18,
      "know": 19,
      "man": 20,
      "mango": 21,
      "me": 22,
      "of": 23,
      "please": 24,
      "sdl": 25,
      "sdlfkj": 26,
      "sdlkfjsl": 27,
      "sldfj": 28,
      "sldfjl": 29,
      "sldkfj": 30,
      "system": 31,
      "tell": 32,
      "the": 33,
      "tree": 34,
      "what": 35,
      "you": 36
    }
  }
}